1000,687 Pond Plantation,88,1-(800)-187-51-80,dep1000@detective.org
1001,87 Margrave Townline,541,1-(800)-685-95-78,dep1001@police.org
1002,292 De Haro Run,584,1-(800)-318-69-72,dep1002@detective.org
1003,767 Campbell Spur,152,1-(800)-744-80-11,dep1003@police.com
1004,1206 Weatherly Park,436,1-(800)-003-56-89,dep1004@detective.org
1005,702 Ward Lane,473,1-(800)-210-61-02,dep1005@police.com
1006,91 Nellie Crescent,439,1-(800)-116-88-46,dep1006@detective.org
1007,1215 Chapman Run,302,1-(800)-977-92-16,dep1007@police.com
1008,1144 Dunsmuir Pike,233,1-(800)-511-47-32,dep1008@police.com
1009,616 San Andreas Esplanade,419,1-(800)-528-04-25,dep1009@police.com
1010,1298 Battery Blaney Annex,119,1-(800)-807-73-19,dep1010@police.com
1011,857 Chula Alley,584,1-(800)-124-05-65,dep1011@police.com
1012,796 Keyes Viaduct,415,1-(800)-202-88-29,dep1012@detective.com
1013,1088 Roanoke Mews,502,1-(800)-265-74-17,dep1013@police.org
1014,32 Harding Grove,561,1-(800)-122-74-44,dep1014@detective.org
1015,1216 Broderick Plaza,529,1-(800)-348-84-14,dep1015@police.org
1016,229 Vidal Walk,600,1-(800)-642-96-60,dep1016@police.com
1017,1042 Shakespeare Line,251,1-(800)-694-73-79,dep1017@detective.org
1018,200 Guerrero Glen,371,1-(800)-696-81-77,dep1018@police.org
1019,386 Mill Crescent,126,1-(800)-118-90-38,dep1019@police.org
1020,845 Santa Marina Esplanade,80,1-(800)-659-75-25,dep1020@detective.org
1021,1356 Restani Path,96,1-(800)-055-60-96,dep1021@police.org
1022,891 Middle West Trail,354,1-(800)-721-29-64,dep1022@police.com
1023,793 San Rafael Plantation,475,1-(800)-191-73-24,dep1023@detective.com
1024,1258 May Mall,186,1-(800)-191-78-04,dep1024@police.org
1025,403 Sunview Mall,387,1-(800)-204-63-91,dep1025@police.org
1026,993 Lessing Stravenue,362,1-(800)-077-42-57,dep1026@police.com
1027,886 Crook Heights,241,1-(800)-143-29-10,dep1027@police.com
1028,517 Gateview 2 Turnpike,68,1-(800)-545-13-64,dep1028@police.com
1029,256 Oak Hills Route,223,1-(800)-597-10-55,dep1029@detective.com
1030,301 Ashburton Green,100,1-(800)-386-50-57,dep1030@detective.com
1031,791 Karen Lane,145,1-(800)-191-37-36,dep1031@police.com
1032,1161 Lakeshore Place,93,1-(800)-542-90-91,dep1032@detective.com
1033,1021 Oreilly Row,59,1-(800)-476-57-66,dep1033@detective.org
1034,457 Perine Gate,96,1-(800)-703-74-43,dep1034@detective.org
1035,1391 Nottingham Sideline,128,1-(800)-797-59-01,dep1035@detective.com
1036,1019 Concord Gate,131,1-(800)-181-30-06,dep1036@police.org
1037,929 Lower Fort Mason Circle,276,1-(800)-896-98-07,dep1037@detective.org
1038,728 Leavenworth Bay,215,1-(800)-701-52-28,dep1038@detective.com
1039,274 East Crystal Cove Bay,532,1-(800)-088-22-34,dep1039@police.org
1040,269 Mahan Row,544,1-(800)-058-60-93,dep1040@police.org
1041,1382 Paradise Garden,389,1-(800)-550-20-11,dep1041@detective.com
1042,47 San Luis Bend,188,1-(800)-246-76-38,dep1042@police.org
1043,911 Cora Expressway,341,1-(800)-284-12-56,dep1043@detective.com
1044,828 Olney Place,189,1-(800)-540-37-00,dep1044@detective.org
1045,419 West Broadway Arcade,281,1-(800)-635-51-64,dep1045@detective.org
1046,1173 Harlan Grove,582,1-(800)-844-96-17,dep1046@police.com
1047,238 Hyde Row,290,1-(800)-746-37-50,dep1047@police.com
1048,235 Northridge Thruway,541,1-(800)-191-83-16,dep1048@police.com
1049,165 Rosella Private,173,1-(800)-239-33-22,dep1049@detective.com
1050,1022 Balance Drive,454,1-(800)-534-91-24,dep1050@detective.org
1051,969 Woodacre Highway,404,1-(800)-903-52-36,dep1051@detective.org
1052,431 Beulah Line,387,1-(800)-406-56-47,dep1052@detective.com
1053,1311 Lapham Mews,561,1-(800)-519-79-21,dep1053@police.org
1054,1169 Alameda Mall,592,1-(800)-078-13-99,dep1054@police.com
1055,1110 Lexington Boulevard,458,1-(800)-558-77-81,dep1055@police.org
1056,124 Randolph Thruway,58,1-(800)-606-64-08,dep1056@police.com
1057,716 Battery Dynamite Bend,342,1-(800)-661-43-52,dep1057@police.com
1058,765 Jackson Highway,122,1-(800)-214-63-80,dep1058@police.org
1059,999 Florence Road,374,1-(800)-047-12-08,dep1059@police.org
1060,494 Mcrae Thruway,572,1-(800)-136-96-27,dep1060@detective.com
1061,28 John F Kennedy Square,522,1-(800)-621-76-24,dep1061@detective.com
1062,1071 Whitney Gate,162,1-(800)-844-54-96,dep1062@detective.com
1063,773 Sequoia Parade,186,1-(800)-781-51-65,dep1063@detective.org
1064,351 Pleasant Run,501,1-(800)-545-75-85,dep1064@police.org
1065,1179 Ruckman Glen,174,1-(800)-157-31-09,dep1065@police.org
1066,796 Avenue N Bypass,216,1-(800)-879-32-69,dep1066@detective.org
1067,807 Gould Park,330,1-(800)-965-73-79,dep1067@detective.com
1068,1200 Icehouse Square,149,1-(800)-631-32-30,dep1068@police.com
1069,144 Terry A Francois High Street,445,1-(800)-123-21-20,dep1069@detective.com
1070,37 Temple Nene,568,1-(800)-378-15-89,dep1070@police.com
1071,847 Shawnee High Street,219,1-(800)-754-20-42,dep1071@police.org
1072,659 Issleib Green,107,1-(800)-364-92-06,dep1072@detective.org
1073,1206 Timothy Pflueger Hill,176,1-(800)-025-49-93,dep1073@police.org
1074,1339 Delta Parade,203,1-(800)-732-98-94,dep1074@police.com
1075,267 Escolta Pike,537,1-(800)-730-42-71,dep1075@detective.org
1076,491 Marsily Road,209,1-(800)-752-07-98,dep1076@police.com
1077,1303 Collins Sideline,194,1-(800)-904-84-96,dep1077@police.com
1078,378 Ada Mall,408,1-(800)-346-80-18,dep1078@detective.org
1079,68 La Ferrera Point,398,1-(800)-288-31-07,dep1079@police.org
1080,155 Ridgewood Drung,550,1-(800)-650-59-87,dep1080@detective.com
1081,1359 Onique Bypass,455,1-(800)-818-50-13,dep1081@detective.org
1082,905 Ashburton Parkway,206,1-(800)-604-89-02,dep1082@detective.org
1083,579 Fillmore Square,415,1-(800)-456-74-97,dep1083@police.com
1084,1321 Whitecliff Loop,383,1-(800)-813-61-88,dep1084@detective.org
1085,1136 Santa Barbara Concession road,171,1-(800)-757-65-74,dep1085@police.com
1086,573 Grafton Thruway,314,1-(800)-916-66-75,dep1086@police.org
1087,421 Naples Terrace,466,1-(800)-580-98-18,dep1087@detective.org
1088,807 Crisp Concession road,558,1-(800)-335-54-27,dep1088@detective.org
1089,645 Megan Place,133,1-(800)-406-56-98,dep1089@police.com
1090,563 Exposition Crescent,248,1-(800)-659-54-81,dep1090@police.com
1091,306 Avenue D Esplanade,61,1-(800)-681-78-63,dep1091@police.org
1092,861 Jennifer Crescent,479,1-(800)-899-37-15,dep1092@police.com
1093,1091 Virgil Road,430,1-(800)-444-74-69,dep1093@detective.com
1094,1246 Blair Extension,303,1-(800)-766-97-30,dep1094@detective.com
1095,449 Larch Drung,562,1-(800)-878-91-41,dep1095@police.org
1096,897 Brighton Drive,143,1-(800)-442-04-74,dep1096@detective.org
1097,1334 Acacia Stravenue,176,1-(800)-658-57-90,dep1097@detective.org
1098,251 Jason Annex,164,1-(800)-335-03-74,dep1098@detective.org
1099,1247 Glenbrook Spur,241,1-(800)-307-45-61,dep1099@detective.com
1100,667 Cyril Magnin Thruway,500,1-(800)-558-77-81,dep1100@police.org
1101,1184 Morgan Grove,574,1-(800)-463-02-50,dep1101@police.org
1102,729 Van Keuren Nene,326,1-(800)-385-75-38,dep1102@detective.com
1103,585 Brush Run,393,1-(800)-270-60-31,dep1103@detective.com
1104,561 Glenbrook Green,345,1-(800)-617-49-23,dep1104@detective.org
1105,1111 Hotaling Highway,130,1-(800)-184-80-67,dep1105@detective.com
1106,577 Ohlone Trace,135,1-(800)-320-44-90,dep1106@police.org
1107,148 Kohler Gardens,364,1-(800)-625-15-41,dep1107@detective.org
1108,804 Hayward Turnpike,463,1-(800)-005-05-00,dep1108@police.org
1109,682 Lily Wynd,372,1-(800)-449-07-08,dep1109@detective.org
1110,929 Santa Ana Loop,172,1-(800)-512-20-01,dep1110@detective.com
1111,869 Harding Extension,252,1-(800)-134-65-01,dep1111@detective.org
1112,1081 Central Magazine Plaza,270,1-(800)-338-39-39,dep1112@police.com
1113,718 Shrader Mews,553,1-(800)-643-57-39,dep1113@police.com
1114,1151 Moscow Wynd,215,1-(800)-404-50-58,dep1114@detective.com
1115,182 Sloan Extension,574,1-(800)-941-90-12,dep1115@police.org
1116,439 Iris Boulevard,533,1-(800)-083-49-30,dep1116@police.com
1117,441 Dewey Townline,415,1-(800)-538-77-26,dep1117@police.org
1118,913 Joost Annex,109,1-(800)-466-62-44,dep1118@detective.org
1119,283 Mandalay Road,114,1-(800)-621-37-36,dep1119@detective.com
1120,1205 Oak Access Bend,89,1-(800)-066-16-11,dep1120@detective.com
1121,574 Pinar Run,488,1-(800)-074-68-38,dep1121@detective.com
1122,1168 Santa Barbara Path,69,1-(800)-562-67-29,dep1122@police.org
1123,575 Kezar Sideline,393,1-(800)-896-41-22,dep1123@detective.com
1124,1156 Westwood Bypass,289,1-(800)-182-15-59,dep1124@police.org
1125,1181 Alviso Ferry,474,1-(800)-406-33-56,dep1125@police.org
1126,1299 Reed Townline,87,1-(800)-099-06-55,dep1126@police.com
1127,609 Isadora Duncan Walk,178,1-(800)-741-35-62,dep1127@detective.org
1128,504 San Benito Brae,442,1-(800)-058-34-91,dep1128@police.org
1129,1193 Belvedere Plaza,483,1-(800)-457-47-44,dep1129@police.org
1130,534 Zampa Bay,89,1-(800)-470-12-85,dep1130@police.org
1131,1286 Calhoun Point,543,1-(800)-435-06-77,dep1131@detective.com
1132,378 Nelson Rising Line,110,1-(800)-073-18-99,dep1132@detective.com
1133,595 Lapu-Lapu Close,75,1-(800)-080-41-43,dep1133@police.org
1134,488 Museum High Street,407,1-(800)-136-71-41,dep1134@police.org
1135,436 Coventry Crescent,252,1-(800)-173-44-03,dep1135@detective.com
1136,994 Cashmere Place,177,1-(800)-037-97-50,dep1136@detective.com
1137,794 Colin Bypass,297,1-(800)-522-12-48,dep1137@police.org
1138,34 Sea View Path,266,1-(800)-793-07-34,dep1138@detective.org
1139,256 Ashwood Mall,573,1-(800)-140-11-31,dep1139@detective.com
1140,459 Meade Crescent,113,1-(800)-846-08-55,dep1140@detective.org
1141,1036 Elwood Cove,282,1-(800)-595-63-50,dep1141@detective.org
1142,1194 El Camino Del Mar Lane,379,1-(800)-750-71-41,dep1142@police.org
1143,788 Beachmont Run,82,1-(800)-828-29-27,dep1143@detective.com
1144,1240 Brush High Street,90,1-(800)-780-02-14,dep1144@detective.com
1145,381 Homestead Walk,271,1-(800)-053-92-75,dep1145@police.org
1146,467 Athens Hill,488,1-(800)-165-01-76,dep1146@police.com
1147,580 Devonshire Boulevard,93,1-(800)-970-80-70,dep1147@police.com
1148,1064 Harold Line,573,1-(800)-149-09-12,dep1148@detective.com
1149,1368 Moneta Field,464,1-(800)-607-63-23,dep1149@detective.com
1150,1148 Crespi Wynd,562,1-(800)-454-20-34,dep1150@detective.com
1151,1148 Coventry Place,419,1-(800)-108-65-82,dep1151@police.com
1152,359 Gilbert Freeway,599,1-(800)-987-65-16,dep1152@detective.org
1153,1376 Long Trace,134,1-(800)-031-99-25,dep1153@detective.org
1154,1259 Pagoda Close,379,1-(800)-331-07-13,dep1154@detective.com
1155,435 Sears Side road,292,1-(800)-026-65-37,dep1155@detective.org
1156,735 Cotter Brae,97,1-(800)-671-49-49,dep1156@police.com
1157,629 Miraloma Point,584,1-(800)-955-04-59,dep1157@detective.org
1158,1243 Howard Concession road,146,1-(800)-570-56-48,dep1158@police.org
1159,1157 Whitecliff Plantation,518,1-(800)-228-41-57,dep1159@detective.com
1160,8 Flora High Street,308,1-(800)-372-02-01,dep1160@police.org
1161,53 Linda Vista Close,375,1-(800)-675-89-06,dep1161@police.com
1162,596 Brumiss Bay,511,1-(800)-905-18-88,dep1162@police.com
1163,769 Castle Boulevard,81,1-(800)-691-45-43,dep1163@police.org
1164,535 Richland Park,359,1-(800)-046-82-42,dep1164@detective.com
1165,48 Cosgrove Wynd,583,1-(800)-147-94-06,dep1165@police.com
1166,4 Timothy Pflueger Point,129,1-(800)-543-54-12,dep1166@detective.com
1167,279 Quane Promenade,56,1-(800)-551-56-44,dep1167@detective.org
1168,1118 Harris Path,595,1-(800)-389-02-62,dep1168@detective.org
1169,112 Palos Court,255,1-(800)-960-01-55,dep1169@detective.org
1170,1382 La Playa Arcade,254,1-(800)-850-80-08,dep1170@police.com
1171,495 Wanda High Street,597,1-(800)-820-01-94,dep1171@detective.org
1172,463 Grote Parade,401,1-(800)-479-34-53,dep1172@detective.org
1173,390 Candlewood Ferry,457,1-(800)-966-15-55,dep1173@police.org
1174,6 Lundeen Field,201,1-(800)-745-01-18,dep1174@police.org
1175,790 Dock Drive,177,1-(800)-257-98-85,dep1175@police.com
1176,866 Alert Green,102,1-(800)-058-21-40,dep1176@detective.org
1177,25 Malta Park,107,1-(800)-930-82-43,dep1177@police.com
1178,470 Fratessa Alley,167,1-(800)-776-87-97,dep1178@police.com
1179,1216 Cleveland Promenade,381,1-(800)-169-16-71,dep1179@police.org
1180,1100 Paul Expressway,580,1-(800)-791-42-61,dep1180@detective.com
1181,616 Pilgrim Pike,480,1-(800)-684-97-36,dep1181@police.org
1182,622 Velasco Freeway,134,1-(800)-466-14-22,dep1182@police.com
1183,857 Nahua Highway,85,1-(800)-986-17-12,dep1183@detective.com
1184,1312 Nichols Hill,341,1-(800)-753-08-74,dep1184@detective.com
1185,902 Amazon Route,294,1-(800)-867-86-35,dep1185@police.com
1186,447 La Avanzada Side road,177,1-(800)-896-39-77,dep1186@detective.org
1187,303 Vulcan Lane,497,1-(800)-044-27-64,dep1187@detective.com
1188,87 Blackstone Square,306,1-(800)-587-65-53,dep1188@detective.org
1189,156 Merriam Loop,65,1-(800)-972-22-52,dep1189@police.org
1190,66 Battery Cranston Square,291,1-(800)-895-79-69,dep1190@detective.com
1191,684 Seville Crescent,274,1-(800)-913-75-07,dep1191@police.com
1192,957 Recycle Pike,184,1-(800)-461-97-43,dep1192@detective.com
1193,1308 Alder Ferry,508,1-(800)-299-40-36,dep1193@police.org
1194,162 San Aleso Close,383,1-(800)-704-91-06,dep1194@police.com
1195,396 Brewster Field,103,1-(800)-480-85-19,dep1195@police.com
1196,418 Oakdale Avenue,334,1-(800)-764-76-83,dep1196@detective.org
1197,1277 Van Ness Heights,559,1-(800)-299-06-64,dep1197@police.com
1198,1173 Russian Hill Loop,599,1-(800)-659-87-10,dep1198@detective.com
1199,334 Hyde Court,535,1-(800)-052-47-81,dep1199@detective.com
1200,134 Thornton Field,59,1-(800)-947-12-32,dep1200@detective.com
1201,863 Gambier Grove,61,1-(800)-584-52-00,dep1201@detective.com
1202,1313 Belle Row,340,1-(800)-420-72-52,dep1202@detective.org
1203,649 Russ Parkway,596,1-(800)-549-57-60,dep1203@detective.org
1204,243 Crags Point,327,1-(800)-693-67-51,dep1204@police.com
1205,373 Morningside Hill,282,1-(800)-231-10-31,dep1205@detective.org
1206,1119 Elmira Close,91,1-(800)-049-90-58,dep1206@detective.org
1207,1177 Cargo Boulevard,194,1-(800)-394-63-85,dep1207@police.org
1208,505 R Loop,309,1-(800)-202-83-19,dep1208@police.org
1209,491 Mendell Lane,365,1-(800)-121-44-03,dep1209@police.com
1210,653 Legion Ferry,593,1-(800)-564-75-71,dep1210@detective.com
1211,1289 Rock Crescent,357,1-(800)-884-97-89,dep1211@police.com
1212,773 Winfield Parade,55,1-(800)-309-83-14,dep1212@detective.org
1213,556 Parsons Ferry,417,1-(800)-730-32-69,dep1213@detective.com
1214,1375 Scotia Gardens,293,1-(800)-059-83-61,dep1214@police.org
1215,508 Santa Rosa Mews,151,1-(800)-337-82-40,dep1215@detective.org
1216,790 Ashwood Stravenue,61,1-(800)-582-46-21,dep1216@detective.com
1217,99 Royal Turnpike,427,1-(800)-609-96-28,dep1217@police.org
1218,332 Delano Private,220,1-(800)-791-62-63,dep1218@police.com
1219,546 Taraval Gate,583,1-(800)-825-39-47,dep1219@police.org
1220,377 Orsi Mall,168,1-(800)-808-29-81,dep1220@police.org
1221,1354 Marne Cove,351,1-(800)-077-47-10,dep1221@detective.com
1222,431 Horne Manor,503,1-(800)-343-19-71,dep1222@detective.com
1223,328 Lathrop Freeway,373,1-(800)-916-93-71,dep1223@detective.org
1224,897 Redfield Street,264,1-(800)-453-13-75,dep1224@police.org
1225,84 Coldspring Pike,358,1-(800)-060-99-92,dep1225@detective.org
1226,811 Clipper Cove Sideline,197,1-(800)-236-21-46,dep1226@detective.org
1227,739 Todd Esplanade,478,1-(800)-661-85-94,dep1227@detective.com
1228,980 Selby Road,579,1-(800)-432-87-32,dep1228@detective.org
1229,1297 Rainey Spur,297,1-(800)-574-24-08,dep1229@police.com
1230,1097 Reuel Square,233,1-(800)-050-04-68,dep1230@detective.com
1231,874 Salinas Glen,280,1-(800)-621-76-69,dep1231@detective.com
1232,1011 Ritch Private,304,1-(800)-203-36-67,dep1232@police.org
1233,1256 Berry Extension Court,86,1-(800)-549-53-26,dep1233@detective.org
1234,513 Taraval Drung,376,1-(800)-841-15-90,dep1234@police.org
1235,573 Old Decatur Bypass,399,1-(800)-085-59-12,dep1235@police.com
1236,75 Hollis Brae,504,1-(800)-031-65-99,dep1236@detective.org
1237,1138 Shotwell Trace,329,1-(800)-580-15-04,dep1237@police.org
1238,550 Whitfield Townline,513,1-(800)-001-49-84,dep1238@detective.org
1239,83 Stanley Private,582,1-(800)-421-79-39,dep1239@detective.com
1240,1084 Clinton Highway,58,1-(800)-131-79-72,dep1240@police.org
1241,1237 Miles Grove,426,1-(800)-941-94-84,dep1241@police.org
1242,975 Pollock Cove,70,1-(800)-309-27-48,dep1242@detective.org
1243,292 Cranleigh Crescent,193,1-(800)-568-15-03,dep1243@detective.com
1244,441 Manor Loop,90,1-(800)-990-12-69,dep1244@police.org
1245,1152 Chase Parkway,188,1-(800)-631-96-71,dep1245@police.org
1246,622 Leo Square,85,1-(800)-837-30-86,dep1246@detective.org
1247,761 Woodward Extension,534,1-(800)-189-57-50,dep1247@detective.org
1248,7 Lindsay High Street,99,1-(800)-929-93-59,dep1248@police.com
1249,570 Hansen Green,527,1-(800)-813-69-53,dep1249@detective.org
1250,511 Houston Promenade,170,1-(800)-463-56-97,dep1250@detective.org
1251,1213 Calhoun Gate,560,1-(800)-824-16-95,dep1251@detective.org
1252,423 San Benito Park,421,1-(800)-542-18-96,dep1252@detective.org
1253,393 Hiliritas Road,600,1-(800)-815-32-38,dep1253@detective.com
1254,194 Vernon Lane,79,1-(800)-017-26-92,dep1254@police.org
1255,1339 Catalina Townline,235,1-(800)-212-96-25,dep1255@police.org
1256,983 Cleveland Park,542,1-(800)-168-70-62,dep1256@police.org
1257,1125 Ney Park,564,1-(800)-010-77-97,dep1257@detective.org
1258,1024 Clarkson Square,191,1-(800)-907-57-95,dep1258@police.com
1259,1302 Red Rock Parade,112,1-(800)-125-63-63,dep1259@police.com
1260,1272 Edgewood Road,521,1-(800)-013-09-37,dep1260@detective.org
1261,219 Spencer Green,364,1-(800)-049-61-79,dep1261@detective.org
1262,190 Gold Mine Bend,560,1-(800)-111-07-39,dep1262@police.org
1263,380 Delmar Avenue,133,1-(800)-219-24-41,dep1263@detective.org
1264,682 De Soto Plaza,246,1-(800)-812-74-55,dep1264@detective.com
1265,1133 Hunter Wynd,255,1-(800)-744-30-58,dep1265@detective.org
1266,1023 Palos Highway,556,1-(800)-944-45-10,dep1266@detective.com
1267,434 Claude Lane,270,1-(800)-948-70-75,dep1267@detective.com
1268,1027 Douglass High Street,366,1-(800)-656-37-23,dep1268@detective.org
1269,1120 Federal Townline,86,1-(800)-164-24-18,dep1269@police.com
1270,1329 Byxbee Terrace,185,1-(800)-311-77-80,dep1270@detective.org
1271,362 Security Pacific Trail,583,1-(800)-684-63-87,dep1271@police.org
1272,1219 John Muir Point,510,1-(800)-712-50-95,dep1272@detective.org
1273,894 Balmy Court,186,1-(800)-162-14-61,dep1273@detective.org
1274,1232 Vernon Viaduct,208,1-(800)-640-38-70,dep1274@detective.com
1275,1151 D Annex,258,1-(800)-649-28-26,dep1275@detective.org
1276,259 Dashiell Hammett Viaduct,469,1-(800)-599-24-32,dep1276@police.com
1277,1108 Commercial Alley,230,1-(800)-469-94-65,dep1277@detective.com
1278,866 Bayview Park Expressway,218,1-(800)-707-33-94,dep1278@police.com
1279,520 Downey Square,480,1-(800)-180-14-45,dep1279@police.com
1280,605 Fernwood Crescent,158,1-(800)-082-88-36,dep1280@police.com
1281,178 Fanning Green,234,1-(800)-494-63-99,dep1281@police.com
1282,1191 Taylor Drive,436,1-(800)-815-64-83,dep1282@detective.com
1283,1239 Lincoln Wynd,514,1-(800)-221-98-30,dep1283@detective.org
1284,783 North Point Mall,218,1-(800)-543-16-02,dep1284@detective.com
1285,61 Jeopardy Green,355,1-(800)-416-89-23,dep1285@police.com
1286,1347 Gaven Run,511,1-(800)-341-83-25,dep1286@detective.org
1287,224 Ingerson Boulevard,250,1-(800)-565-37-14,dep1287@police.com
1288,444 Santa Clara Mall,299,1-(800)-476-79-17,dep1288@detective.org
1289,1127 Wyman Private,361,1-(800)-929-41-38,dep1289@detective.com
1290,696 Rock Garden,537,1-(800)-436-19-76,dep1290@police.com
1291,731 Diamond Cove Mall,189,1-(800)-642-67-28,dep1291@detective.com
1292,588 Woodland Row,88,1-(800)-454-88-56,dep1292@police.com
1293,820 State Walk,108,1-(800)-178-83-92,dep1293@police.org
1294,462 China Basin Trace,116,1-(800)-866-59-07,dep1294@detective.org
1295,1137 Quane High Street,182,1-(800)-882-05-51,dep1295@police.org
1296,487 Sibley Wynd,597,1-(800)-092-18-97,dep1296@detective.com
1297,1115 Corona Highway,463,1-(800)-072-40-80,dep1297@detective.org
1298,967 Lusk Field,341,1-(800)-697-92-28,dep1298@detective.org
1299,338 Marsily Park,574,1-(800)-443-55-78,dep1299@police.org
1300,1371 Fair Parkway,191,1-(800)-748-38-41,dep1300@detective.org
1301,350 Cypress Freeway,223,1-(800)-824-69-55,dep1301@detective.com
1302,127 Habitat Street,436,1-(800)-637-87-10,dep1302@police.org
1303,491 Arnold Side road,199,1-(800)-647-30-98,dep1303@detective.com
1304,1197 Ambrose Bierce Loop,208,1-(800)-392-91-17,dep1304@police.com
1305,1178 Oxford Esplanade,351,1-(800)-633-60-18,dep1305@police.org
1306,148 Tulip Trail,111,1-(800)-292-68-87,dep1306@detective.org
1307,882 Anzavista Hill,450,1-(800)-385-91-20,dep1307@police.com
1308,385 Delmar Run,51,1-(800)-558-31-51,dep1308@detective.com
1309,182 Chenery Row,445,1-(800)-396-80-39,dep1309@detective.org
1310,994 Crestlake Terrace,511,1-(800)-898-83-61,dep1310@detective.com
1311,2 Coleman Line,275,1-(800)-004-32-85,dep1311@detective.com
1312,300 Croaker Highway,426,1-(800)-538-79-09,dep1312@police.com
1313,892 Cielito Manor,216,1-(800)-836-43-30,dep1313@police.org
1314,916 Madison Crescent,223,1-(800)-172-75-86,dep1314@police.com
1315,1005 Mersey Nene,100,1-(800)-658-13-32,dep1315@detective.com
1316,761 Van Dyke Nene,315,1-(800)-701-79-91,dep1316@detective.org
1317,807 Lake Merced Hill,479,1-(800)-942-20-23,dep1317@detective.com
1318,552 Federal Lane,417,1-(800)-934-50-89,dep1318@detective.com
1319,1000 Lansing Bay,305,1-(800)-264-38-76,dep1319@police.com
1320,602 Stigwood Drung,88,1-(800)-346-04-05,dep1320@police.com
1321,1266 Bonita Thruway,202,1-(800)-271-46-50,dep1321@police.com
1322,800 Jack Kerouac Plaza,408,1-(800)-374-06-01,dep1322@detective.com
1323,301 Conservatory Access Drive,350,1-(800)-956-78-52,dep1323@police.com
1324,1077 San Buenaventura Bay,272,1-(800)-074-02-23,dep1324@detective.org
1325,39 Lapu-Lapu Drung,503,1-(800)-150-23-11,dep1325@detective.org
1326,363 Derby Highway,388,1-(800)-966-14-63,dep1326@detective.com
1327,193 Hulbert Annex,515,1-(800)-774-12-61,dep1327@detective.org
1328,757 Spofford Manor,203,1-(800)-344-76-89,dep1328@detective.org
1329,522 Saint Germain Viaduct,275,1-(800)-978-12-83,dep1329@detective.org
1330,867 Osceola Field,567,1-(800)-812-87-56,dep1330@police.com
1331,1055 Sibert Line,350,1-(800)-528-01-25,dep1331@police.org
1332,392 Beideman Drung,554,1-(800)-980-23-56,dep1332@police.org
1333,1124 Elmira Cove,489,1-(800)-597-58-75,dep1333@detective.org
1334,898 Dudley Run,320,1-(800)-785-08-22,dep1334@detective.org
1335,396 Robert C Levy Extension,169,1-(800)-152-27-58,dep1335@detective.com
1336,651 Saint Francis Row,552,1-(800)-425-35-26,dep1336@detective.com
1337,548 Alviso Heights,92,1-(800)-350-45-38,dep1337@police.com
1338,1003 United Nations Concession road,515,1-(800)-340-10-17,dep1338@detective.com
1339,363 Maxwell Circle,212,1-(800)-419-89-80,dep1339@police.org
1340,1054 Santa Fe Plaza,290,1-(800)-279-53-10,dep1340@police.org
1341,1324 Marina Green Turnpike,83,1-(800)-397-83-37,dep1341@police.org
1342,1014 Bernice Bend,124,1-(800)-644-85-88,dep1342@detective.com
1343,755 Keystone Terrace,248,1-(800)-734-29-72,dep1343@detective.com
1344,673 Mansfield Terrace,547,1-(800)-917-70-16,dep1344@detective.org
1345,1066 Cottage Circle,445,1-(800)-071-63-70,dep1345@police.org
1346,37 San Diego Walk,169,1-(800)-552-50-78,dep1346@detective.org
1347,188 Stanford Heights Lane,315,1-(800)-227-09-41,dep1347@police.org
1348,411 Piedmont Private,113,1-(800)-707-96-66,dep1348@police.org
1349,251 Jessie East Line,589,1-(800)-436-43-24,dep1349@police.com
1350,578 Gateview 3 Field,292,1-(800)-993-76-54,dep1350@police.com
1351,144 Isis Court,503,1-(800)-640-39-33,dep1351@police.com
1352,923 Kansas Private,169,1-(800)-229-44-08,dep1352@police.org
1353,162 Boardman Pike,204,1-(800)-531-44-11,dep1353@police.com
1354,494 Congo Gardens,86,1-(800)-840-60-89,dep1354@detective.com
1355,1158 Juri Bend,320,1-(800)-073-35-61,dep1355@detective.com
1356,1256 Nordhoff Parade,219,1-(800)-626-40-51,dep1356@police.com
1357,1357 Pulaski Private,486,1-(800)-394-89-39,dep1357@detective.org
1358,1095 Edgehill Manor,568,1-(800)-065-21-99,dep1358@detective.com
1359,894 Campus Park,337,1-(800)-655-19-70,dep1359@detective.com
1360,1079 Yerba Buena Bay,57,1-(800)-518-91-08,dep1360@detective.org
1361,917 Trenton Viaduct,358,1-(800)-602-89-78,dep1361@detective.com
1362,118 Palmetto Trace,306,1-(800)-070-10-60,dep1362@detective.com
1363,520 D Hill,350,1-(800)-138-93-94,dep1363@police.org
1364,89 Freelon Alley,222,1-(800)-598-28-56,dep1364@detective.com
1365,958 Fillmore Path,263,1-(800)-552-52-74,dep1365@police.org
1366,20 Delta Concession road,170,1-(800)-427-12-34,dep1366@police.com
1367,193 Mint Field,144,1-(800)-620-95-18,dep1367@detective.org
1368,1256 Fielding Boulevard,338,1-(800)-708-91-29,dep1368@detective.com
1369,501 San Anselmo Parkway,463,1-(800)-013-88-83,dep1369@detective.org
1370,592 Exposition Boulevard,296,1-(800)-720-67-62,dep1370@detective.com
1371,1274 Wabash Glen,322,1-(800)-217-47-33,dep1371@detective.com
1372,569 Vienna Concession road,163,1-(800)-366-75-87,dep1372@police.org
1373,1078 Long Spur,179,1-(800)-518-41-83,dep1373@police.org
1374,157 Rosemont Turnpike,452,1-(800)-224-58-81,dep1374@detective.com
1375,691 Eureka Route,317,1-(800)-442-40-70,dep1375@detective.com
1376,857 Chatham Garden,448,1-(800)-812-88-25,dep1376@police.org
1377,521 Craig High Street,404,1-(800)-865-60-17,dep1377@detective.com
1378,342 Northern Thruway,249,1-(800)-446-01-36,dep1378@police.com
1379,1229 Vesta Gate,88,1-(800)-714-22-85,dep1379@detective.org
1380,983 Prentiss Gardens,525,1-(800)-849-31-18,dep1380@detective.org
1381,821 Coral Circle,548,1-(800)-935-71-04,dep1381@detective.com
1382,421 Dogwood Ferry,457,1-(800)-465-66-41,dep1382@police.com
1383,1367 Museum Thruway,88,1-(800)-255-11-55,dep1383@detective.org
1384,642 Capen Bend,216,1-(800)-648-41-71,dep1384@police.com
1385,1359 Crestlake Concession road,509,1-(800)-012-24-52,dep1385@detective.org
1386,718 Fella Gate,544,1-(800)-478-34-23,dep1386@police.com
1387,616 West View Turnpike,587,1-(800)-305-75-53,dep1387@detective.com
1388,1102 Harbor Trail,474,1-(800)-437-79-81,dep1388@detective.org
1389,243 Genoa Viaduct,286,1-(800)-357-52-47,dep1389@police.com
1390,5 Nebraska Mews,71,1-(800)-761-68-38,dep1390@detective.org
1391,1264 Moss Glen,523,1-(800)-357-87-99,dep1391@police.com
1392,588 De Long Drive,378,1-(800)-711-04-91,dep1392@police.org
1393,1076 Norwich Pike,402,1-(800)-993-91-66,dep1393@detective.com
1394,670 Silliman Glen,67,1-(800)-085-36-35,dep1394@detective.com
1395,1231 Lyell Wynd,166,1-(800)-577-01-66,dep1395@police.org
1396,663 Brussels Boulevard,92,1-(800)-881-46-66,dep1396@police.org
1397,766 E Close,323,1-(800)-530-30-12,dep1397@detective.org
1398,426 Park Presidio Line,273,1-(800)-594-91-83,dep1398@police.org
1399,193 Le Conte Nene,185,1-(800)-135-01-27,dep1399@police.com
1400,825 Edgewood Nene,417,1-(800)-493-50-94,dep1400@detective.org
1401,197 Coralino Parade,70,1-(800)-203-28-53,dep1401@detective.com
1402,684 Broad Terrace,366,1-(800)-316-16-60,dep1402@detective.org
1403,823 Alana Field,359,1-(800)-844-47-50,dep1403@police.com
1404,585 Opalo Highway,309,1-(800)-365-87-87,dep1404@detective.com
1405,399 Santa Paula Nene,263,1-(800)-154-22-40,dep1405@detective.org
1406,505 Atalaya Thruway,179,1-(800)-228-14-52,dep1406@detective.org
1407,1256 Grant Boulevard,598,1-(800)-216-31-15,dep1407@detective.com
1408,269 Paramount Field,366,1-(800)-946-26-61,dep1408@detective.org
1409,569 Minna Concession road,439,1-(800)-593-99-32,dep1409@police.com
1410,1279 Girard Field,422,1-(800)-161-95-81,dep1410@police.org
1411,146 Seminole Run,344,1-(800)-042-35-41,dep1411@detective.org
1412,1018 Claude Lane,517,1-(800)-577-97-00,dep1412@detective.org
1413,517 Brompton Green,340,1-(800)-860-59-74,dep1413@detective.com
1414,882 Crestlake Expressway,59,1-(800)-781-72-92,dep1414@detective.com
1415,67 Quintara Grove,597,1-(800)-366-62-54,dep1415@detective.org
1416,36 Western Shore Promenade,532,1-(800)-857-37-39,dep1416@detective.org
1417,1280 Mizpah Parkway,463,1-(800)-118-06-71,dep1417@police.org
1418,1226 Via Ferlinghetti Alley,257,1-(800)-523-01-07,dep1418@police.com
1419,496 Alta Circle,223,1-(800)-108-87-29,dep1419@police.org
1420,852 Connecticut Grove,343,1-(800)-813-70-60,dep1420@police.org
1421,596 Eddy Place,215,1-(800)-554-57-22,dep1421@detective.org
1422,137 Coral Boulevard,76,1-(800)-647-98-56,dep1422@police.com
1423,1319 Porter Route,242,1-(800)-413-32-83,dep1423@detective.org
1424,74 Laguna Glen,116,1-(800)-561-89-64,dep1424@police.org
1425,87 Crook Walk,437,1-(800)-748-65-27,dep1425@police.org
1426,137 Britton Spur,443,1-(800)-782-15-59,dep1426@police.org
1427,749 Avenue Of The Palms Arcade,267,1-(800)-752-40-15,dep1427@police.org
1428,850 India Arcade,60,1-(800)-976-09-57,dep1428@detective.org
1429,1198 Rico Bypass,598,1-(800)-755-74-10,dep1429@police.org
1430,759 Cervantes Walk,249,1-(800)-615-67-25,dep1430@police.com
1431,643 Daniel Burnham Annex,339,1-(800)-192-08-35,dep1431@police.org
1432,224 Mill Trail,222,1-(800)-232-09-49,dep1432@police.com
1433,251 Sala Brae,310,1-(800)-715-49-88,dep1433@detective.com
1434,178 White Grove,338,1-(800)-304-53-97,dep1434@detective.com
1435,764 Crystal Gate,95,1-(800)-414-12-73,dep1435@police.com
1436,965 Bartlett Bay,65,1-(800)-924-87-77,dep1436@police.org
1437,1282 Lobos Crescent,490,1-(800)-312-81-95,dep1437@detective.org
1438,108 Sylvan Private,480,1-(800)-888-10-30,dep1438@detective.org
1439,456 Juan Bautista Concession road,268,1-(800)-956-85-27,dep1439@detective.org
1440,1162 Gloria Row,331,1-(800)-449-90-47,dep1440@police.com
1441,509 Leidesdorff Heights,262,1-(800)-773-92-56,dep1441@detective.com
1442,922 Turk Lane,335,1-(800)-458-74-78,dep1442@detective.com
1443,149 Longview Park,241,1-(800)-088-93-11,dep1443@detective.com
1444,1209 General Kennedy Street,474,1-(800)-171-87-09,dep1444@police.org
1445,990 Fowler Lane,50,1-(800)-560-22-36,dep1445@detective.org
1446,530 Kaplan Terrace,395,1-(800)-346-08-03,dep1446@detective.org
1447,228 Campus Bend,300,1-(800)-335-16-52,dep1447@detective.org
1448,1013 Lusk High Street,278,1-(800)-253-09-69,dep1448@detective.org
1449,253 Van Ness Court,559,1-(800)-875-16-17,dep1449@detective.com
1450,537 Tehama Parkway,135,1-(800)-050-16-32,dep1450@detective.com
1451,890 Diamond Heights Street,474,1-(800)-557-73-11,dep1451@detective.org
1452,758 Donahue Close,317,1-(800)-385-07-90,dep1452@police.com
1453,981 Walkway Line,406,1-(800)-511-76-79,dep1453@police.org
1454,72 Attridge Mall,122,1-(800)-101-11-58,dep1454@detective.com
1455,530 Doric Terrace,226,1-(800)-758-21-50,dep1455@detective.com
1456,162 Campus Thruway,227,1-(800)-366-89-07,dep1456@police.com
1457,303 Winter Drive,145,1-(800)-404-25-57,dep1457@detective.org
1458,151 Wentworth Terrace,239,1-(800)-565-58-81,dep1458@detective.com
1459,247 Peabody Spur,233,1-(800)-032-58-80,dep1459@police.com
1460,1291 Cosgrove Mall,57,1-(800)-317-76-91,dep1460@detective.org
1461,1084 Russian Hill Expressway,135,1-(800)-797-77-81,dep1461@police.com
1462,559 Arlington Wynd,374,1-(800)-830-79-06,dep1462@police.com
1463,427 Hollis Ferry,370,1-(800)-203-93-86,dep1463@police.com
1464,830 Jakey Plantation,246,1-(800)-543-08-62,dep1464@police.com
1465,629 Bertie Minor Drung,313,1-(800)-419-08-23,dep1465@police.org
1466,201 Hawes Turnpike,598,1-(800)-172-33-27,dep1466@detective.com
1467,97 Shakespeare Row,125,1-(800)-164-89-51,dep1467@police.com
1468,1083 Theresa Brae,465,1-(800)-212-48-77,dep1468@police.com
1469,1027 Indiana Bay,120,1-(800)-492-33-96,dep1469@police.org
1470,1109 Cargo Field,362,1-(800)-604-35-12,dep1470@police.org
1471,767 Vinton Promenade,387,1-(800)-199-71-91,dep1471@detective.com
1472,361 Cypress Point,299,1-(800)-595-24-75,dep1472@detective.com
1473,1273 Greenview Expressway,287,1-(800)-622-40-68,dep1473@police.com
1474,1276 Norwich Gate,105,1-(800)-899-69-69,dep1474@police.org
1475,1367 Gates Court,249,1-(800)-726-89-36,dep1475@detective.com
1476,546 Brunswick Drive,323,1-(800)-071-89-14,dep1476@detective.org
1477,836 Eaton Boulevard,197,1-(800)-281-48-36,dep1477@police.org
1478,1192 Shore View Garden,193,1-(800)-077-31-78,dep1478@detective.org
1479,1226 Brooklyn Manor,401,1-(800)-935-68-14,dep1479@police.com
1480,1096 East Crystal Cove Glen,567,1-(800)-237-90-46,dep1480@detective.org
1481,1374 Moss Circle,311,1-(800)-798-00-40,dep1481@police.com
1482,419 Cuesta Place,191,1-(800)-122-92-59,dep1482@detective.org
1483,526 Marlin Freeway,453,1-(800)-365-26-04,dep1483@detective.org
1484,1234 Carolina Boulevard,247,1-(800)-861-61-55,dep1484@detective.org
1485,420 Fountain Freeway,56,1-(800)-306-27-16,dep1485@detective.org
1486,574 Emma Manor,139,1-(800)-806-43-66,dep1486@police.com
1487,1060 Hobart Square,94,1-(800)-600-63-00,dep1487@police.com
1488,827 Columbus Concession road,195,1-(800)-947-97-70,dep1488@police.com
1489,1383 Mabel Plaza,449,1-(800)-714-64-75,dep1489@police.com
1490,743 Horace Freeway,220,1-(800)-563-56-17,dep1490@police.org
1491,420 Wawona Pike,75,1-(800)-326-72-84,dep1491@police.com
1492,717 Wheeler Line,368,1-(800)-041-84-18,dep1492@detective.com
1493,852 Vidal Brae,548,1-(800)-878-33-83,dep1493@police.com
1494,818 Oakdale Bend,588,1-(800)-472-67-24,dep1494@detective.com
1495,161 Stratford Sideline,219,1-(800)-870-80-99,dep1495@police.org
1496,1266 Pulaski Court,254,1-(800)-199-33-96,dep1496@police.com
1497,892 Mullen Expressway,496,1-(800)-209-76-90,dep1497@detective.org
1498,1223 Rod Concession road,464,1-(800)-389-29-87,dep1498@detective.com
1499,548 Charlton Freeway,599,1-(800)-216-53-78,dep1499@police.org
1500,1228 Main Gate,483,1-(800)-107-09-72,dep1500@detective.com
1501,155 Washington Pike,340,1-(800)-428-72-73,dep1501@police.com
1502,427 Delancey Grove,194,1-(800)-132-02-23,dep1502@police.com
1503,1387 Quickstep Line,380,1-(800)-296-98-62,dep1503@police.org
1504,328 Cunningham Viaduct,143,1-(800)-121-82-63,dep1504@police.com
1505,874 Letterman Drive,507,1-(800)-030-97-58,dep1505@police.com
1506,724 Candlewood Gardens,192,1-(800)-627-11-72,dep1506@detective.com
1507,398 Estero Wynd,241,1-(800)-497-38-36,dep1507@detective.org
1508,262 Marvel Trace,461,1-(800)-492-64-33,dep1508@police.org
1509,329 Drummond Place,194,1-(800)-573-29-36,dep1509@detective.com
1510,24 Bepler Extension,292,1-(800)-196-10-37,dep1510@police.org
1511,781 Gaiser Bypass,560,1-(800)-632-78-96,dep1511@detective.com
1512,910 Gerke Annex,182,1-(800)-293-23-54,dep1512@detective.com
1513,619 Montclair Lane,159,1-(800)-572-74-10,dep1513@detective.org
1514,402 Racine Glen,246,1-(800)-458-37-10,dep1514@detective.com
1515,665 Bernard Point,391,1-(800)-843-21-19,dep1515@detective.org
1516,648 Security Pacific Route,60,1-(800)-059-09-87,dep1516@police.com
1517,997 Gladstone Plaza,490,1-(800)-599-43-34,dep1517@police.com
1518,1322 San Lorenzo Bay,273,1-(800)-713-14-79,dep1518@police.com
1519,621 Lisbon Thruway,499,1-(800)-996-13-22,dep1519@police.org
1520,1142 Lomita Row,553,1-(800)-481-23-79,dep1520@detective.org
1521,282 Adair Nene,77,1-(800)-369-69-55,dep1521@police.org
1522,1175 Treat Promenade,422,1-(800)-782-83-80,dep1522@detective.com
1523,371 Archer Avenue,97,1-(800)-548-29-14,dep1523@police.com
1524,85 Lansing Ferry,172,1-(800)-078-55-84,dep1524@police.org
1525,604 Franconia Parkway,283,1-(800)-407-11-05,dep1525@detective.com
1526,247 Holladay Freeway,495,1-(800)-213-67-72,dep1526@police.com
1527,424 Watchman Townline,92,1-(800)-982-89-10,dep1527@police.org
1528,421 Cerritos Row,369,1-(800)-635-18-10,dep1528@detective.com
1529,1065 Tamalpais Ferry,74,1-(800)-868-69-27,dep1529@detective.org
1530,371 Collins Street,395,1-(800)-035-34-66,dep1530@police.com
1531,115 Fitzgerald Court,195,1-(800)-182-25-91,dep1531@detective.com
1532,552 Normandie Extension,552,1-(800)-583-66-20,dep1532@detective.com
1533,47 Kaplan Highway,475,1-(800)-988-57-98,dep1533@police.org
1534,1283 Gateview 3 Stravenue,503,1-(800)-511-46-48,dep1534@police.com
1535,177 Castenada Stravenue,533,1-(800)-304-78-68,dep1535@detective.org
1536,896 Mars Stravenue,508,1-(800)-669-96-43,dep1536@police.com
1537,610 Coronado Plantation,563,1-(800)-601-08-11,dep1537@police.org
1538,914 Briarcliff Walk,490,1-(800)-991-52-79,dep1538@detective.com
1539,484 Stag Trail Mall,269,1-(800)-716-25-48,dep1539@police.org
1540,33 Adele Place,304,1-(800)-436-84-53,dep1540@police.org
1541,773 Cascade Heights,193,1-(800)-433-40-61,dep1541@police.com
1542,34 Raymond Manor,206,1-(800)-288-18-04,dep1542@detective.org
1543,282 Crown Arcade,82,1-(800)-873-36-73,dep1543@police.org
1544,953 Vallejo Mall,264,1-(800)-766-29-63,dep1544@detective.org
1545,469 Lake Merced Hill Close,361,1-(800)-855-72-34,dep1545@police.com
1546,515 Sanchez Plaza,151,1-(800)-874-47-27,dep1546@police.org
1547,564 Steveloe Crescent,287,1-(800)-968-18-71,dep1547@police.org
1548,458 Castle Nene,272,1-(800)-246-73-75,dep1548@police.com
1549,207 Junipero Serra Mall,343,1-(800)-178-59-01,dep1549@police.com
1550,757 Ironwood Green,71,1-(800)-306-53-95,dep1550@police.org
1551,864 Texas Crescent,344,1-(800)-511-58-54,dep1551@detective.com
1552,1307 Brotherhood Concession road,564,1-(800)-826-39-21,dep1552@police.org
1553,1303 Beach Pike,588,1-(800)-929-22-01,dep1553@police.org
1554,739 Moraga Circle,197,1-(800)-228-69-07,dep1554@police.com
1555,310 Ofarrell Annex,281,1-(800)-444-43-14,dep1555@police.org
1556,978 Cecilia Walk,71,1-(800)-119-38-27,dep1556@detective.com
1557,218 Oak Grove Line,255,1-(800)-863-44-53,dep1557@detective.com
1558,1289 Omar Walk,509,1-(800)-541-82-50,dep1558@police.com
1559,396 Cesar Chavez On Promenade,438,1-(800)-596-42-52,dep1559@police.com
1560,724 Bosworth Gardens,174,1-(800)-465-55-50,dep1560@detective.com
1561,1172 Mayfair Extension,420,1-(800)-948-53-91,dep1561@detective.com
1562,1149 Dashiell Hammett Route,400,1-(800)-346-03-49,dep1562@police.com
1563,177 Kramer Turnpike,172,1-(800)-591-40-27,dep1563@police.com
1564,1231 Pelton Side road,340,1-(800)-512-21-98,dep1564@detective.com
1565,1117 Saint Elmo Trail,61,1-(800)-079-44-48,dep1565@detective.com
1566,1292 Westside Trail,178,1-(800)-484-87-76,dep1566@detective.com
1567,501 Sunrise Ferry,381,1-(800)-757-73-33,dep1567@police.org
1568,1376 Venard Parade,251,1-(800)-692-83-76,dep1568@police.com
1569,536 Delgado Square,391,1-(800)-235-30-09,dep1569@police.com
1570,83 Middle Point Heights,102,1-(800)-391-66-98,dep1570@detective.org
1571,1191 Carr Gardens,222,1-(800)-158-05-60,dep1571@detective.org
1572,347 Ardenwood Arcade,484,1-(800)-362-00-63,dep1572@detective.org
1573,861 Walker Road,505,1-(800)-254-74-59,dep1573@detective.com
1574,91 Truby Garden,590,1-(800)-616-24-94,dep1574@detective.com
1575,1161 Hazelwood Walk,135,1-(800)-685-12-42,dep1575@detective.com
1576,66 Heritage Nene,273,1-(800)-545-36-22,dep1576@police.com
1577,270 Battery Road,405,1-(800)-174-67-54,dep1577@detective.org
1578,969 Leroy Gardens,439,1-(800)-445-63-98,dep1578@police.com
1579,653 Delmar Ferry,389,1-(800)-404-87-57,dep1579@police.org
1580,671 Dewitt Arcade,151,1-(800)-852-92-06,dep1580@detective.org
1581,263 Lynch Bypass,196,1-(800)-334-81-38,dep1581@detective.org
1582,390 Metson Garden,52,1-(800)-018-80-25,dep1582@detective.org
1583,586 Noriega Park,509,1-(800)-753-81-48,dep1583@detective.com
1584,497 El Mirasol Viaduct,155,1-(800)-350-91-36,dep1584@detective.org
1585,579 Banbury Terrace,73,1-(800)-207-10-23,dep1585@detective.org
1586,717 Old Decatur Extension,107,1-(800)-963-96-71,dep1586@police.org
1587,212 Marietta Concession road,380,1-(800)-788-42-59,dep1587@detective.org
1588,1371 Don Chee Bay,489,1-(800)-669-20-39,dep1588@police.com
1589,347 Hardie Street,211,1-(800)-360-35-85,dep1589@detective.com
1590,1156 Santa Ynez Path,416,1-(800)-410-64-19,dep1590@police.org
1591,976 Madera Street,57,1-(800)-616-40-94,dep1591@detective.org
1592,1394 Stanford Heights Grove,139,1-(800)-763-63-79,dep1592@detective.org
1593,532 Northridge Lane,576,1-(800)-799-14-80,dep1593@police.org
1594,838 Sutter Pike,125,1-(800)-021-19-82,dep1594@police.org
1595,1173 Keyes Square,377,1-(800)-669-16-99,dep1595@detective.org
1596,803 Schofield Annex,518,1-(800)-621-20-11,dep1596@detective.com
1597,1339 Western Shore Square,188,1-(800)-361-45-45,dep1597@police.com
1598,327 Richardson Crescent,490,1-(800)-333-65-25,dep1598@detective.com
1599,360 Sharp Heights,70,1-(800)-047-84-37,dep1599@police.org
1600,509 Dr Carlton B Goodlett Loop,77,1-(800)-444-80-29,dep1600@police.com
1601,521 Lendrum Townline,477,1-(800)-600-96-97,dep1601@detective.com
1602,614 Helena Stravenue,322,1-(800)-226-25-31,dep1602@police.org
1603,494 Bernal Heights Loop,355,1-(800)-482-32-60,dep1603@detective.com
1604,288 Hastings Expressway,291,1-(800)-158-15-46,dep1604@police.com
1605,151 Eugenia Walk,321,1-(800)-645-97-47,dep1605@detective.com
1606,1296 Lulu Heights,384,1-(800)-701-82-57,dep1606@detective.org
1607,358 Nahua Viaduct,320,1-(800)-064-84-34,dep1607@detective.org
1608,1130 Midway Pike,235,1-(800)-526-98-13,dep1608@detective.org
1609,305 Loehr Arcade,91,1-(800)-074-39-51,dep1609@police.org
1610,1307 Adair Trail,98,1-(800)-955-35-72,dep1610@detective.com
1611,250 Bitting Spur,135,1-(800)-276-92-15,dep1611@police.org
1612,118 Vidal Ferry,83,1-(800)-457-33-59,dep1612@detective.com
1613,530 Ellert Court,203,1-(800)-247-35-38,dep1613@detective.com
1614,1289 Steuart Crescent,306,1-(800)-701-06-23,dep1614@detective.com
1615,816 Worth Mall,155,1-(800)-298-47-80,dep1615@detective.com
1616,708 Persia Bay,163,1-(800)-130-23-76,dep1616@detective.org
1617,470 Lapidge Walk,563,1-(800)-985-34-56,dep1617@police.com
1618,936 Sussex Drive,549,1-(800)-765-78-42,dep1618@detective.com
1619,69 Stoneybrook Parade,447,1-(800)-363-09-53,dep1619@police.org
1620,227 Helen Thruway,535,1-(800)-208-76-66,dep1620@police.com
1621,902 Phoenix Gate,405,1-(800)-614-34-34,dep1621@detective.org
1622,1076 Rodgers Bay,89,1-(800)-533-08-64,dep1622@police.com
1623,527 Elmwood Thruway,175,1-(800)-849-45-19,dep1623@police.com
1624,1390 Sickles Loop,501,1-(800)-498-21-79,dep1624@detective.com
1625,1331 Cargo Drung,121,1-(800)-349-21-44,dep1625@police.com
1626,1150 Exchange Concession road,197,1-(800)-521-47-44,dep1626@detective.com
1627,1023 Olney Route,83,1-(800)-476-69-51,dep1627@detective.org
1628,982 Emerald Bay,132,1-(800)-208-00-00,dep1628@police.org
1629,665 Brompton Plaza,314,1-(800)-425-62-87,dep1629@detective.com
1630,301 Exeter Park,398,1-(800)-007-89-51,dep1630@police.com
1631,758 Scotland Trace,549,1-(800)-844-91-70,dep1631@police.com
1632,892 Seventh Promenade,336,1-(800)-740-71-46,dep1632@police.org
1633,111 Pasadena Private,466,1-(800)-438-51-05,dep1633@police.org
1634,951 Vallejo Mews,74,1-(800)-657-17-93,dep1634@police.com
1635,636 Sala Run,398,1-(800)-156-49-24,dep1635@police.org
1636,896 Paramount Alley,580,1-(800)-912-66-60,dep1636@detective.org
1637,1293 Escolta Plaza,517,1-(800)-424-98-36,dep1637@police.org
1638,1262 Albatross Hill,416,1-(800)-691-49-06,dep1638@detective.org
1639,1385 Rockland Field,218,1-(800)-199-37-17,dep1639@detective.com
1640,721 Los Palmos Stravenue,93,1-(800)-820-84-64,dep1640@police.org
1641,358 Banbury Terrace,353,1-(800)-618-30-80,dep1641@police.com
1642,852 Chestnut Ferry,148,1-(800)-246-33-20,dep1642@police.org
1643,706 Forest View Road,315,1-(800)-793-57-57,dep1643@police.org
1644,110 Webb Concession road,366,1-(800)-161-63-06,dep1644@detective.com
1645,1119 Nido Loop,555,1-(800)-291-47-11,dep1645@police.com
1646,469 Mansfield Mall,306,1-(800)-432-75-33,dep1646@police.org
1647,569 Andrew High Street,434,1-(800)-294-55-18,dep1647@police.com
1648,1163 Powers Promenade,531,1-(800)-245-02-86,dep1648@detective.org
1649,1166 Parsons Trace,335,1-(800)-962-49-50,dep1649@detective.com
1650,1348 Thor Highway,286,1-(800)-236-28-44,dep1650@police.org
1651,799 Rivas Wynd,562,1-(800)-924-45-38,dep1651@detective.com
1652,936 Brewster Brae,141,1-(800)-575-44-85,dep1652@police.org
1653,847 Dehon Parade,528,1-(800)-773-45-03,dep1653@detective.org
1654,544 Latona Stravenue,326,1-(800)-223-74-63,dep1654@police.com
1655,1047 Case Pike,571,1-(800)-964-33-74,dep1655@police.org
1656,1011 Jessie East Viaduct,68,1-(800)-822-36-90,dep1656@police.org
1657,1383 Yosemite Line,146,1-(800)-523-32-03,dep1657@detective.org
1658,1164 Madrid Court,411,1-(800)-414-02-91,dep1658@detective.com
1659,935 Ervine Arcade,112,1-(800)-863-10-49,dep1659@detective.org
1660,364 Boardman Square,185,1-(800)-092-01-07,dep1660@police.com
1661,247 Greenspring Point,358,1-(800)-753-29-37,dep1661@police.com
1662,594 Clarion Gate,146,1-(800)-178-01-61,dep1662@police.com
1663,629 Bluxome Wynd,266,1-(800)-355-57-02,dep1663@detective.org
1664,813 Rock Trace,194,1-(800)-218-03-45,dep1664@detective.com
1665,185 Medical Center Bay,152,1-(800)-022-25-36,dep1665@detective.org
1666,1165 Jessie Drung,203,1-(800)-184-35-45,dep1666@detective.org
1667,256 Bret Harte Parade,285,1-(800)-148-50-59,dep1667@detective.com
1668,419 Sotelo Parade,62,1-(800)-363-64-62,dep1668@police.org
1669,209 Anglo Trace,494,1-(800)-789-89-88,dep1669@detective.com
1670,1312 Sala Green,53,1-(800)-924-78-97,dep1670@police.org
1671,373 Kensington Row,147,1-(800)-633-06-31,dep1671@police.com
1672,989 Lake Merced Hill Walk,282,1-(800)-045-42-55,dep1672@detective.com
1673,4 Jordan High Street,176,1-(800)-623-50-25,dep1673@police.com
1674,621 Marine Walk,530,1-(800)-482-17-60,dep1674@police.com
1675,575 Persia Trail,93,1-(800)-545-30-80,dep1675@detective.com
1676,1248 Paulding Ferry,508,1-(800)-804-97-04,dep1676@detective.com
1677,1044 Rock Trail,556,1-(800)-886-75-16,dep1677@police.org
1678,354 Forest View Highway,83,1-(800)-936-51-18,dep1678@police.org
1679,975 Marin Drung,254,1-(800)-775-82-18,dep1679@police.com
1680,460 Getz Annex,587,1-(800)-045-72-68,dep1680@police.com
1681,976 Worth Parkway,64,1-(800)-849-49-14,dep1681@police.org
1682,828 Norwich Stravenue,378,1-(800)-218-03-39,dep1682@police.com
1683,1207 D Heights,219,1-(800)-112-95-99,dep1683@police.com
1684,275 Dore Run,422,1-(800)-543-22-31,dep1684@police.com
1685,797 Doric Annex,368,1-(800)-643-16-81,dep1685@police.org
1686,408 Bird Highway,418,1-(800)-726-01-75,dep1686@police.org
1687,643 Prosper Boulevard,425,1-(800)-278-45-96,dep1687@detective.org
1688,143 Hickory Plantation,582,1-(800)-936-31-34,dep1688@detective.org
1689,1324 Brady Plaza,597,1-(800)-093-48-61,dep1689@detective.org
1690,94 Edgardo Circle,131,1-(800)-706-84-23,dep1690@police.com
1691,1251 Jefferson Street,382,1-(800)-859-85-20,dep1691@detective.org
1692,228 Hill Row,99,1-(800)-740-63-94,dep1692@detective.org
1693,477 San Lorenzo Hill,401,1-(800)-042-05-71,dep1693@police.com
1694,579 Fountain Drive,596,1-(800)-360-71-13,dep1694@detective.com
1695,753 Banneker Path,257,1-(800)-349-78-97,dep1695@detective.com
1696,219 Font Trail,52,1-(800)-578-22-49,dep1696@detective.org
1697,1095 Osgood Gardens,458,1-(800)-961-99-55,dep1697@police.com
1698,930 Fillmore Spur,493,1-(800)-097-73-36,dep1698@police.org
1699,345 Arch Avenue,157,1-(800)-693-66-79,dep1699@detective.com
1700,75 Donahue Boulevard,233,1-(800)-310-11-78,dep1700@police.com
1701,1315 Ledyard Spur,585,1-(800)-742-59-29,dep1701@detective.org
1702,676 Uranus Side road,93,1-(800)-998-69-23,dep1702@detective.org
1703,866 Garcia Grove,365,1-(800)-116-13-95,dep1703@detective.org
1704,87 Nido Square,137,1-(800)-161-09-22,dep1704@detective.org
1705,802 Halibut Street,80,1-(800)-154-95-61,dep1705@detective.com
1706,642 Cadell Park,324,1-(800)-235-93-85,dep1706@police.com
1707,1266 Dorland Sideline,368,1-(800)-798-67-95,dep1707@police.com
1708,708 Underwood Heights,590,1-(800)-710-38-02,dep1708@detective.com
1709,674 Toll Plaza Tunnel Trail,484,1-(800)-644-93-56,dep1709@detective.org
1710,271 Flounder Hill,253,1-(800)-368-97-34,dep1710@police.com
1711,1351 Wanda Boulevard,337,1-(800)-625-95-97,dep1711@police.org
1712,424 Julia Bypass,372,1-(800)-255-48-16,dep1712@police.com
1713,659 Saint Josephs Townline,205,1-(800)-872-75-81,dep1713@police.com
1714,1202 Gibb Manor,308,1-(800)-191-40-62,dep1714@police.com
1715,649 Jennifer Arcade,516,1-(800)-914-26-23,dep1715@police.com
1716,464 Cora Private,443,1-(800)-148-34-62,dep1716@police.com
1717,986 Crescio Trail,122,1-(800)-765-05-57,dep1717@police.com
1718,1322 Lyell Heights,77,1-(800)-319-32-98,dep1718@detective.org
1719,1172 Hale Trail,98,1-(800)-754-48-97,dep1719@detective.com
1720,256 Halleck Promenade,527,1-(800)-105-65-14,dep1720@detective.com
1721,1146 Fifth Turnpike,289,1-(800)-090-71-96,dep1721@detective.com
1722,950 Hansen Spur,465,1-(800)-561-89-38,dep1722@detective.org
1723,915 Holly Park Route,599,1-(800)-871-22-99,dep1723@police.org
1724,347 King Court,169,1-(800)-166-92-66,dep1724@detective.org
1725,666 Vicente Terrace,130,1-(800)-086-68-36,dep1725@police.com
1726,585 Keystone Grove,439,1-(800)-751-10-88,dep1726@police.org
1727,79 Santiago Lane,204,1-(800)-322-59-35,dep1727@detective.org
1728,56 Dudley Garden,484,1-(800)-533-12-63,dep1728@detective.com
1729,1389 Natick Green,150,1-(800)-848-95-81,dep1729@police.com
1730,919 Ashbury Turnpike,468,1-(800)-952-73-07,dep1730@police.com
1731,125 Leona Route,102,1-(800)-809-18-39,dep1731@detective.com
1732,376 Ellington Hill,438,1-(800)-663-95-41,dep1732@detective.com
1733,145 Zampa Court,269,1-(800)-442-95-68,dep1733@detective.org
1734,1007 Sunrise Townline,349,1-(800)-762-90-01,dep1734@detective.org
1735,112 Treasure Island Arcade,528,1-(800)-470-33-30,dep1735@police.org
1736,1193 Archer Thruway,79,1-(800)-740-68-14,dep1736@detective.org
1737,481 Delta Avenue,546,1-(800)-850-89-56,dep1737@police.com
1738,549 Drummond Close,117,1-(800)-104-41-34,dep1738@detective.com
1739,1046 R Plaza,229,1-(800)-077-50-29,dep1739@police.com
1740,887 Codman Highway,108,1-(800)-811-65-91,dep1740@police.com
1741,758 Bonnie Brae Green,362,1-(800)-402-97-11,dep1741@detective.org
1742,57 Belcher Bend,232,1-(800)-153-69-63,dep1742@detective.org
1743,1182 East Glen,147,1-(800)-940-93-57,dep1743@police.com
1744,879 Atoll Street,599,1-(800)-533-07-23,dep1744@police.com
1745,29 Melba Square,294,1-(800)-906-77-53,dep1745@police.com
1746,167 Cypress Bend,434,1-(800)-409-88-20,dep1746@detective.com
1747,281 Belle Path,343,1-(800)-352-59-36,dep1747@detective.com
1748,804 Florentine Route,303,1-(800)-150-34-48,dep1748@detective.com
1749,1180 Raymond Concession road,313,1-(800)-481-11-90,dep1749@police.com
1750,1046 Hemdale Turnpike,382,1-(800)-129-07-26,dep1750@police.org
1751,225 Santa Rosa Court,511,1-(800)-249-67-10,dep1751@police.com
1752,577 Richards Point,436,1-(800)-385-11-33,dep1752@detective.org
1753,1126 Vinton Green,116,1-(800)-296-46-00,dep1753@police.com
1754,579 Patton Drive,490,1-(800)-744-31-26,dep1754@detective.com
1755,574 Waltham Trace,314,1-(800)-297-42-16,dep1755@police.org
1756,1254 Armory Mall,169,1-(800)-284-10-95,dep1756@detective.org
1757,177 Red Rock Esplanade,531,1-(800)-566-84-46,dep1757@police.org
1758,754 Welsh Side road,153,1-(800)-764-88-72,dep1758@detective.com
1759,184 Cutler Plaza,378,1-(800)-079-08-51,dep1759@detective.org
1760,643 Bessie Boulevard,485,1-(800)-689-56-87,dep1760@police.org
1761,432 Greenough High Street,416,1-(800)-623-95-38,dep1761@police.com
1762,1098 Indiana Glen,131,1-(800)-092-98-88,dep1762@detective.org
1763,641 Mary Route,214,1-(800)-150-75-91,dep1763@detective.org
1764,189 Elm Street,163,1-(800)-162-46-22,dep1764@detective.org
1765,503 Milton Loop,539,1-(800)-226-69-21,dep1765@detective.com
1766,606 Weston Arcade,536,1-(800)-117-02-01,dep1766@police.org
1767,1389 Commonwealth Grove,564,1-(800)-775-99-92,dep1767@police.com
1768,679 Pinehurst Annex,181,1-(800)-469-19-56,dep1768@police.com
1769,1178 Cyril Magnin Garden,480,1-(800)-688-33-84,dep1769@detective.com
1770,870 Hilton Pike,391,1-(800)-155-22-63,dep1770@detective.org
1771,993 Ambrose Bierce Spur,106,1-(800)-248-63-94,dep1771@detective.org
1772,1233 Eureka Glen,441,1-(800)-168-76-82,dep1772@detective.com
1773,6 Mcrae Esplanade,516,1-(800)-425-98-01,dep1773@police.com
1774,885 Buckingham Drive,473,1-(800)-375-12-95,dep1774@police.org
1775,1004 Kent Thruway,518,1-(800)-605-25-80,dep1775@detective.org
1776,47 Van Dyke Field,78,1-(800)-226-85-30,dep1776@detective.com
1777,157 Robert C Levy Turnpike,543,1-(800)-778-04-95,dep1777@police.org
1778,651 Inverness Thruway,185,1-(800)-836-99-08,dep1778@detective.org
1779,107 Boynton Sideline,146,1-(800)-027-62-57,dep1779@police.com
1780,18 Codman Bay,462,1-(800)-962-49-17,dep1780@police.com
1781,477 Dock Arcade,524,1-(800)-081-36-20,dep1781@police.com
1782,691 Moffitt Spur,440,1-(800)-017-49-90,dep1782@detective.com
1783,232 Chain Of Lakes Annex,484,1-(800)-705-61-41,dep1783@detective.org
1784,1374 Brazil Turnpike,221,1-(800)-263-38-99,dep1784@detective.com
1785,265 North Gate Walk,75,1-(800)-854-90-42,dep1785@police.org
1786,1200 Genebern Sideline,210,1-(800)-446-54-08,dep1786@detective.org
1787,1091 Cameron Loop,452,1-(800)-171-90-85,dep1787@police.com
1788,489 Martin Luther King Jr Line,559,1-(800)-818-18-53,dep1788@detective.com
1789,54 D Manor,455,1-(800)-528-34-74,dep1789@detective.com
1790,258 Norton Place,495,1-(800)-295-92-07,dep1790@police.org
1791,925 Lake Forest Route,128,1-(800)-859-86-35,dep1791@police.org
1792,783 Lake Merced Hill Parkway,189,1-(800)-516-06-03,dep1792@police.com
1793,1118 Exchange Nene,76,1-(800)-646-63-64,dep1793@police.org
1794,107 Bercut Access Freeway,427,1-(800)-638-92-30,dep1794@police.org
1795,1107 Dakota Alley,130,1-(800)-269-49-07,dep1795@police.org
1796,1197 Judson Gate,146,1-(800)-886-43-07,dep1796@police.com
1797,1312 Staples Road,285,1-(800)-973-70-10,dep1797@detective.org
1798,576 Bellair Pike,154,1-(800)-867-43-17,dep1798@detective.com
1799,157 Saint Croix Parkway,124,1-(800)-628-18-97,dep1799@detective.com
1800,98 Olmstead Road,184,1-(800)-441-48-69,dep1800@police.org
1801,557 Kenwood Route,132,1-(800)-055-10-98,dep1801@police.com
1802,847 Pinar Pike,514,1-(800)-972-65-12,dep1802@police.com
1803,984 Birmingham Trail,592,1-(800)-119-07-83,dep1803@detective.org
1804,1331 Cyril Magnin Bend,471,1-(800)-725-86-79,dep1804@detective.org
1805,370 Blandy Crescent,330,1-(800)-628-21-93,dep1805@detective.com
1806,952 Bay Gardens,190,1-(800)-548-18-81,dep1806@police.com
1807,657 Old Harford Street,127,1-(800)-607-17-72,dep1807@detective.org
1808,475 De Haro Highway,379,1-(800)-677-10-28,dep1808@detective.org
1809,1181 Mabrey Road,512,1-(800)-193-50-52,dep1809@detective.org
1810,501 Ney Plaza,361,1-(800)-620-83-32,dep1810@detective.com
1811,45 Dichiera Concession road,462,1-(800)-560-03-11,dep1811@detective.com
1812,76 Phoenix Boulevard,277,1-(800)-525-35-33,dep1812@police.org
1813,965 Hunters Point Street,508,1-(800)-401-81-72,dep1813@detective.com
1814,913 Napier Glen,137,1-(800)-384-83-35,dep1814@detective.com
1815,659 Amador Run,66,1-(800)-178-99-39,dep1815@detective.com
1816,421 Lilac Court,530,1-(800)-503-91-66,dep1816@police.org
1817,389 Rizal Ferry,501,1-(800)-900-77-86,dep1817@detective.org
1818,502 Salmon Street,72,1-(800)-847-64-63,dep1818@police.org
1819,81 Rockdale Annex,475,1-(800)-396-24-12,dep1819@police.com
1820,295 Auburn Garden,584,1-(800)-557-53-09,dep1820@detective.org
1821,557 Hussey Manor,333,1-(800)-051-76-66,dep1821@detective.com
1822,1191 Cerritos Boulevard,95,1-(800)-577-08-37,dep1822@detective.com
1823,332 Ceres Plantation,357,1-(800)-852-95-85,dep1823@police.org
1824,689 Emery Wynd,127,1-(800)-850-41-64,dep1824@detective.org
1825,864 Mullen Walk,376,1-(800)-963-91-56,dep1825@detective.org
1826,1067 Tampa Park,431,1-(800)-691-30-40,dep1826@police.com
1827,177 Cedar Green,461,1-(800)-527-05-71,dep1827@police.com
1828,110 Edgemont Promenade,86,1-(800)-834-51-93,dep1828@police.com
1829,187 Tuscany Pike,548,1-(800)-001-04-40,dep1829@detective.org
1830,575 George Pike,372,1-(800)-246-54-45,dep1830@detective.org
1831,208 Las Villas Green,287,1-(800)-413-46-28,dep1831@police.com
1832,217 Harper Circle,198,1-(800)-297-31-19,dep1832@detective.org
1833,1262 Lawton Park,139,1-(800)-638-02-59,dep1833@police.org
1834,838 Uranus Brae,414,1-(800)-136-34-29,dep1834@police.com
1835,658 Dewey Gate,95,1-(800)-567-24-85,dep1835@detective.com
1836,88 Cortes Bypass,102,1-(800)-180-15-18,dep1836@detective.com
1837,1187 Lake Merced Hill Avenue,235,1-(800)-150-70-02,dep1837@detective.org
1838,574 Quesada Wynd,366,1-(800)-582-62-45,dep1838@police.com
1839,1023 Valparaiso Circle,407,1-(800)-121-55-07,dep1839@police.org
1840,26 Harry Promenade,231,1-(800)-751-01-84,dep1840@detective.org
1841,281 Woodland Mall,305,1-(800)-424-65-22,dep1841@police.com
1842,287 Dearborn Hill,440,1-(800)-274-42-39,dep1842@police.com
1843,1141 C Crescent,365,1-(800)-909-44-19,dep1843@police.org
1844,710 Saratoga Cove,58,1-(800)-559-42-36,dep1844@detective.org
1845,1245 Felton Esplanade,372,1-(800)-045-50-14,dep1845@detective.com
1846,546 Lily Arcade,70,1-(800)-417-47-69,dep1846@police.org
1847,268 Vine Street,522,1-(800)-770-03-02,dep1847@police.com
1848,900 Fourth Viaduct,268,1-(800)-858-64-85,dep1848@police.com
1849,266 Benton Stravenue,594,1-(800)-228-05-51,dep1849@detective.com
1850,1071 Calgary Viaduct,299,1-(800)-554-16-76,dep1850@detective.org
1851,925 Cohen Nene,235,1-(800)-474-23-42,dep1851@police.org
1852,663 Lower Fort Mason Cove,562,1-(800)-235-64-40,dep1852@detective.org
1853,1202 Diaz Annex,490,1-(800)-928-79-46,dep1853@police.com
1854,1059 Norton Line,88,1-(800)-627-87-89,dep1854@police.org
1855,168 Oneida High Street,439,1-(800)-748-16-03,dep1855@police.com
1856,370 Bernice Rodgers Esplanade,365,1-(800)-332-56-55,dep1856@police.org
1857,677 Rickard Arcade,338,1-(800)-545-08-45,dep1857@police.org
1858,109 Crestwell Annex,423,1-(800)-084-77-41,dep1858@police.org
1859,166 Head Court,493,1-(800)-604-57-56,dep1859@police.org
1860,40 Cesar Chavez On Gardens,134,1-(800)-063-92-72,dep1860@police.org
1861,543 Burnett Drung,288,1-(800)-740-19-85,dep1861@police.org
1862,1223 Halibut Highway,291,1-(800)-034-11-40,dep1862@detective.com
1863,481 Bob Kaufman Hill,209,1-(800)-736-79-86,dep1863@detective.com
1864,720 Bigelow Walk,155,1-(800)-589-50-49,dep1864@police.org
1865,1064 Linden Highway,500,1-(800)-639-88-06,dep1865@police.org
1866,878 Stoneman Bend,592,1-(800)-241-12-72,dep1866@detective.org
1867,5 Cadell Green,268,1-(800)-634-41-64,dep1867@police.org
1868,629 Transbay Loop Pike,258,1-(800)-335-89-38,dep1868@detective.com
1869,119 Eighth Heights,284,1-(800)-471-04-01,dep1869@detective.org
1870,375 Moultrie Promenade,212,1-(800)-792-87-52,dep1870@detective.com
1871,1081 Arbol Side road,61,1-(800)-680-57-80,dep1871@detective.com
1872,224 Tulane Promenade,464,1-(800)-409-32-78,dep1872@detective.com
1873,674 Brush Manor,520,1-(800)-684-81-79,dep1873@police.com
1874,562 H Bend,342,1-(800)-977-60-45,dep1874@police.org
1875,1088 Islais Heights,165,1-(800)-374-65-70,dep1875@detective.com
1876,1134 Orsi Walk,412,1-(800)-804-36-68,dep1876@police.org
1877,727 Banbury Bay,275,1-(800)-813-47-71,dep1877@detective.org
1878,1106 Faith Gate,434,1-(800)-058-06-92,dep1878@detective.org
1879,569 Colleen Point,367,1-(800)-974-99-20,dep1879@police.org
1880,784 Locksley Turnpike,206,1-(800)-927-11-41,dep1880@police.com
1881,253 Quint Glen,481,1-(800)-529-86-61,dep1881@detective.com
1882,394 New Montgomery Green,572,1-(800)-882-94-59,dep1882@police.org
1883,1214 Frederick Viaduct,184,1-(800)-322-79-44,dep1883@police.org
1884,1291 Dwight Sideline,509,1-(800)-119-17-13,dep1884@detective.com
1885,1382 Broadway Manor,333,1-(800)-184-14-88,dep1885@detective.com
1886,583 Country Club Parade,397,1-(800)-046-50-12,dep1886@police.com
1887,140 Fillmore Mews,264,1-(800)-849-29-07,dep1887@detective.com
1888,273 Louisburg Path,64,1-(800)-393-54-63,dep1888@detective.com
1889,1027 Brewster Crescent,295,1-(800)-910-06-84,dep1889@police.org
1890,348 Vesta Terrace,186,1-(800)-897-85-65,dep1890@detective.com
1891,1272 Quintara Bend,144,1-(800)-904-86-68,dep1891@police.com
1892,1090 Trenton Trail,446,1-(800)-689-69-26,dep1892@police.com
1893,930 Arch Hill,102,1-(800)-199-83-05,dep1893@detective.com
1894,410 Marston Park,204,1-(800)-056-22-84,dep1894@police.org
1895,877 Haight Promenade,81,1-(800)-689-96-41,dep1895@police.org
1896,1119 Ashbury Manor,78,1-(800)-517-16-45,dep1896@detective.com
1897,156 Brooklyn Promenade,368,1-(800)-507-91-89,dep1897@police.com
1898,902 Mansfield Square,426,1-(800)-510-20-52,dep1898@detective.com
1899,80 Berry Gardens,316,1-(800)-684-27-31,dep1899@police.com
1900,195 Ordway Cove,142,1-(800)-672-45-53,dep1900@police.org
1901,1028 Saint Germain Row,154,1-(800)-350-23-19,dep1901@detective.org
1902,1180 Boardman Trail,168,1-(800)-037-72-50,dep1902@police.org
1903,1277 Eastman Hill,350,1-(800)-313-43-65,dep1903@police.com
1904,1298 Madrone Wynd,129,1-(800)-502-26-46,dep1904@police.org
1905,227 Commonwealth Bay,553,1-(800)-575-14-78,dep1905@detective.com
1906,682 Jade Field,299,1-(800)-251-81-91,dep1906@police.org
1907,492 Terry A Francois Boulevard,443,1-(800)-500-93-18,dep1907@detective.org
1908,652 Baldwin Mews,359,1-(800)-030-51-70,dep1908@police.org
1909,514 Dakota Promenade,161,1-(800)-745-96-94,dep1909@police.com
1910,1378 Overlook Bypass,348,1-(800)-473-73-10,dep1910@detective.org
1911,228 Vallejo Alley,443,1-(800)-617-68-31,dep1911@police.com
1912,112 Gerke Stravenue,258,1-(800)-835-57-24,dep1912@detective.com
1913,861 Lurline Manor,190,1-(800)-900-55-64,dep1913@detective.org
1914,462 Burke Brae,530,1-(800)-388-03-12,dep1914@detective.com
1915,115 Sharon Trace,511,1-(800)-965-67-08,dep1915@police.org
1916,998 Steuben Trace,512,1-(800)-147-69-01,dep1916@detective.org
1917,238 Oak Grove Mall,146,1-(800)-627-06-79,dep1917@detective.org
1918,602 Cypress Grove,406,1-(800)-632-74-12,dep1918@detective.org
1919,570 Hunters Point Green,386,1-(800)-347-21-63,dep1919@police.com
1920,154 Horne Townline,227,1-(800)-888-07-33,dep1920@detective.com
1921,885 Oak Route,295,1-(800)-193-69-28,dep1921@police.com
1922,1313 Brewster Row,189,1-(800)-046-79-12,dep1922@police.org
1923,49 Dorchester Garden,400,1-(800)-453-87-84,dep1923@detective.org
1924,645 San Bruno Side road,537,1-(800)-501-95-38,dep1924@detective.org
1925,1210 Onique Close,232,1-(800)-256-68-85,dep1925@detective.com
1926,329 San Jacinto Cove,309,1-(800)-172-74-79,dep1926@detective.org
1927,172 Cerritos Bypass,327,1-(800)-472-43-51,dep1927@police.org
1928,681 Short Lane,381,1-(800)-972-96-14,dep1928@detective.org
1929,384 Avocet Nene,384,1-(800)-846-38-01,dep1929@police.com
1930,520 Stanley Hill,333,1-(800)-283-87-78,dep1930@police.org
1931,604 Montague Road,135,1-(800)-441-99-76,dep1931@detective.org
1932,517 Tehama Parade,197,1-(800)-285-12-71,dep1932@police.org
1933,390 Deming Crescent,252,1-(800)-122-67-34,dep1933@police.com
1934,286 Manchester Drung,122,1-(800)-332-07-21,dep1934@detective.com
1935,1219 Palmetto Ferry,351,1-(800)-130-57-17,dep1935@police.org
1936,363 Munich Route,194,1-(800)-170-92-12,dep1936@detective.com
1937,772 Spring Valley Alley,528,1-(800)-821-51-50,dep1937@detective.org
1938,181 La Avanzada Path,68,1-(800)-962-92-00,dep1938@police.org
1939,6 Kent Gate,459,1-(800)-784-91-24,dep1939@police.com
1940,247 Hamilton Plantation,277,1-(800)-254-68-36,dep1940@police.org
1941,1322 Ordway Garden,556,1-(800)-045-61-16,dep1941@detective.com
1942,253 Santa Barbara Place,82,1-(800)-823-97-73,dep1942@detective.org
1943,404 Hahn Grove,554,1-(800)-655-40-64,dep1943@police.org
1944,60 Cutler Garden,123,1-(800)-036-56-45,dep1944@police.org
1945,973 Laussat Place,525,1-(800)-456-14-44,dep1945@police.com
1946,206 Medau Pike,425,1-(800)-210-08-44,dep1946@detective.org
1947,900 Arco Gate,489,1-(800)-952-88-38,dep1947@police.com
1948,130 Encline Road,384,1-(800)-969-89-65,dep1948@police.com
1949,1243 State Side road,117,1-(800)-875-35-14,dep1949@police.com
1950,754 Dorantes Spur,121,1-(800)-817-88-29,dep1950@police.org
1951,501 Claremont Street,421,1-(800)-794-18-04,dep1951@detective.org
1952,1089 Bowdoin Walk,313,1-(800)-943-67-31,dep1952@police.com
1953,1250 Chinook Row,128,1-(800)-993-45-04,dep1953@detective.org
1954,287 Isadora Duncan Point,455,1-(800)-736-89-32,dep1954@detective.org
1955,745 Osage Boulevard,279,1-(800)-293-63-98,dep1955@police.org
1956,808 Cleo Rand Route,246,1-(800)-250-63-73,dep1956@detective.com
1957,317 Sampson Pike,399,1-(800)-116-14-24,dep1957@police.com
1958,1245 Loma Vista Crescent,502,1-(800)-334-12-51,dep1958@police.com
1959,652 States Lane,221,1-(800)-666-09-05,dep1959@detective.com
1960,913 Sydney High Street,541,1-(800)-932-15-06,dep1960@police.com
1961,336 Nelson Rising Bypass,467,1-(800)-407-37-29,dep1961@detective.org
1962,1107 Genebern Trail,420,1-(800)-004-02-76,dep1962@police.org
1963,47 Hawthorne Parade,498,1-(800)-175-06-38,dep1963@detective.org
1964,447 Belgrave Expressway,223,1-(800)-508-17-55,dep1964@police.com
1965,427 Valdez Hill,52,1-(800)-980-30-07,dep1965@detective.com
1966,332 Battery Path,290,1-(800)-276-08-73,dep1966@police.org
1967,715 Nahua Road,150,1-(800)-424-00-12,dep1967@police.org
1968,878 Dorcas Expressway,266,1-(800)-386-20-17,dep1968@detective.com
1969,1012 Napoleon Avenue,119,1-(800)-045-06-30,dep1969@police.org
1970,517 Danvers Promenade,205,1-(800)-633-99-12,dep1970@police.org
1971,588 Taraval Townline,556,1-(800)-629-30-17,dep1971@detective.org
1972,1225 Tulip Parkway,216,1-(800)-156-42-05,dep1972@detective.org
1973,922 Catherine Arcade,249,1-(800)-422-67-04,dep1973@police.com
1974,349 Mount Garden,131,1-(800)-654-67-27,dep1974@police.org
1975,176 Parnassus Ferry,93,1-(800)-730-38-38,dep1975@detective.com
1976,127 Battery Route,74,1-(800)-974-51-53,dep1976@detective.org
1977,406 Paris Mews,502,1-(800)-490-97-56,dep1977@detective.com
1978,794 Fillmore Hill,520,1-(800)-831-80-82,dep1978@police.com
1979,31 White Private,365,1-(800)-626-50-25,dep1979@detective.com
1980,141 Natick Lane,168,1-(800)-544-42-13,dep1980@detective.com
1981,1131 Cutler Road,375,1-(800)-777-15-49,dep1981@detective.org
1982,949 East Beach Stravenue,212,1-(800)-712-73-34,dep1982@detective.com
1983,1314 Campbell Brae,410,1-(800)-974-05-40,dep1983@detective.com
1984,298 Gibson Townline,174,1-(800)-611-96-02,dep1984@police.org
1985,877 Filbert Annex,211,1-(800)-970-74-68,dep1985@police.com
1986,890 Saint Elmo Street,155,1-(800)-370-37-27,dep1986@detective.com
1987,425 Anthony Gate,567,1-(800)-911-23-91,dep1987@police.org
1988,158 Hickory Row,105,1-(800)-888-35-32,dep1988@police.org
1989,1035 Newton Freeway,66,1-(800)-646-67-37,dep1989@police.com
1990,503 Birchwood Expressway,578,1-(800)-158-42-24,dep1990@detective.org
1991,981 Alameda Loop,55,1-(800)-965-97-49,dep1991@detective.org
1992,243 Treasure Island Stravenue,336,1-(800)-172-08-26,dep1992@detective.org
1993,1090 Knockash Wynd,180,1-(800)-412-59-63,dep1993@police.com
1994,490 Steuart Side road,324,1-(800)-623-02-23,dep1994@detective.com
1995,1296 Geary Alley,444,1-(800)-754-78-03,dep1995@police.com
1996,643 Loma Vista Plantation,361,1-(800)-591-27-30,dep1996@detective.org
1997,261 Recycle Mall,87,1-(800)-652-02-27,dep1997@detective.org
1998,1131 Nautilus Bypass,586,1-(800)-968-62-01,dep1998@police.org
1999,461 Adele Bay,424,1-(800)-588-14-69,dep1999@detective.org
2000,368 Nellie Plaza,317,1-(800)-431-83-06,dep2000@detective.org
